can_id,extended,direction,dlc,message,pgn,src,dst,start_bit,end_bit,bits,scale,offset
0x18EF0000,1,TX,8,FFC_00EF_LITH_BMS_Command,0x0EF00,0x00,0x00,0,7,8,1.0,0.0
0x18EF0000,1,TX,8,FFC_00EF_LITH_BMS_Command,0x0EF00,0x00,0x00,8,15,8,1.0,0.0
0x18EF0000,1,TX,8,FFC_00EF_LITH_BMS_Command,0x0EF00,0x00,0x00,16,23,8,1.0,0.0
0x18EF0000,1,TX,8,FFC_00EF_LITH_BMS_Command,0x0EF00,0x00,0x00,24,31,8,1.0,0.0
0x18EF0000,1,TX,8,FFC_00EF_LITH_BMS_Command,0x0EF00,0x00,0x00,32,63,32,1.0,0.0
0x18EF0046,1,RX,8,FFC_00EF_LITH_BMS_Response,0x0EF00,0x46,0x00,8,15,8,1.0,0.0
0x18EF0046,1,RX,8,FFC_00EF_LITH_BMS_Response,0x0EF00,0x46,0x00,16,23,8,1.0,0.0
0x18EF0046,1,RX,8,FFC_00EF_LITH_BMS_Response,0x0EF00,0x46,0x00,24,31,8,1.0,0.0
0x18EF0046,1,RX,8,FFC_00EF_LITH_BMS_Response,0x0EF00,0x46,0x00,32,63,32,1.0,0.0
0x18FF8046,1,RX,8,FFC_FF80_LITH_BMS_Info,0x0FF80,0x46,,8,15,8,1.0,0.0
0x18FF8046,1,RX,8,FFC_FF80_LITH_BMS_Info,0x0FF80,0x46,,16,23,8,1.0,0.0
0x18FF8046,1,RX,8,FFC_FF80_LITH_BMS_Info,0x0FF80,0x46,,24,31,8,1.0,0.0
0x18FF8046,1,RX,8,FFC_FF80_LITH_BMS_Info,0x0FF80,0x46,,32,39,8,1.0,0.0
0x18FF8046,1,RX,8,FFC_FF80_LITH_BMS_Info,0x0FF80,0x46,,40,40,1,1.0,0.0
0x18FF8046,1,RX,8,FFC_FF80_LITH_BMS_Info,0x0FF80,0x46,,41,41,1,1.0,0.0
0x18FF8046,1,RX,8,FFC_FF80_LITH_BMS_Info,0x0FF80,0x46,,42,42,1,1.0,0.0
0x18FF8046,1,RX,8,FFC_FF80_LITH_BMS_Info,0x0FF80,0x46,,43,43,1,1.0,0.0
0x18FF8046,1,RX,8,FFC_FF80_LITH_BMS_Info,0x0FF80,0x46,,44,44,1,1.0,0.0
0x18FF8046,1,RX,8,FFC_FF80_LITH_BMS_Info,0x0FF80,0x46,,45,45,1,1.0,0.0
0x18FF8046,1,RX,8,FFC_FF80_LITH_BMS_Info,0x0FF80,0x46,,46,46,1,1.0,0.0
0x18FF8046,1,RX,8,FFC_FF80_LITH_BMS_Info,0x0FF80,0x46,,47,47,1,1.0,0.0
0x18FF8046,1,RX,8,FFC_FF80_LITH_BMS_Info,0x0FF80,0x46,,48,48,1,1.0,0.0
0x18FF8046,1,RX,8,FFC_FF80_LITH_BMS_Info,0x0FF80,0x46,,49,49,1,1.0,0.0
0x18FF8046,1,RX,8,FFC_FF80_LITH_BMS_Info,0x0FF80,0x46,,50,50,1,1.0,0.0
0x18FF8046,1,RX,8,FFC_FF80_LITH_BMS_Info,0x0FF80,0x46,,51,51,1,1.0,0.0
0x18FF8046,1,RX,8,FFC_FF80_LITH_BMS_Info,0x0FF80,0x46,,52,52,1,1.0,0.0
0x18FF8046,1,RX,8,FFC_FF80_LITH_BMS_Info,0x0FF80,0x46,,53,53,1,1.0,0.0
0x18FF8046,1,RX,8,FFC_FF80_LITH_BMS_Info,0x0FF80,0x46,,54,54,1,1.0,0.0
0x18FF8046,1,RX,8,FFC_FF80_LITH_BMS_Info,0x0FF80,0x46,,55,55,1,1.0,0.0
0x18FF8046,1,RX,8,FFC_FF80_LITH_BMS_Info,0x0FF80,0x46,,56,56,1,1.0,0.0
0x18FF8046,1,RX,8,FFC_FF80_LITH_BMS_Info,0x0FF80,0x46,,57,57,1,1.0,0.0
0x18FF8046,1,RX,8,FFC_FF80_LITH_BMS_Info,0x0FF80,0x46,,58,58,1,1.0,0.0
0x18FF8046,1,RX,8,FFC_FF80_LITH_BMS_Info,0x0FF80,0x46,,59,59,1,1.0,0.0
0x18FF8046,1,RX,8,FFC_FF80_LITH_BMS_Info,0x0FF80,0x46,,60,60,1,1.0,0.0
0x18FF8046,1,RX,8,FFC_FF80_LITH_BMS_Info,0x0FF80,0x46,,61,61,1,1.0,0.0
0x19FDE203,1,TX,8,FFC Tx Vent Control 2,0x1FDE2,0x03,,0,7,8,1.0,0.0
0x19FDE203,1,TX,8,FFC Tx Vent Control 2,0x1FDE2,0x03,,8,15,8,1.0,0.0
0x19FDE203,1,TX,8,FFC Tx Vent Control 2,0x1FDE2,0x03,,16,17,2,1.0,0.0
0x19FDE203,1,TX,8,FFC Tx Vent Control 2,0x1FDE2,0x03,,24,31,8,1.0,0.0
0x19FDE203,1,TX,8,FFC Tx Vent Control 2,0x1FDE2,0x03,,32,39,8,1.0,0.0
0x19FDE203,1,TX,8,FFC Tx Vent Control 2,0x1FDE2,0x03,,40,47,8,1.0,0.0
0x19FDE203,1,TX,8,FFC Tx Vent Control 2,0x1FDE2,0x03,,48,55,8,1.0,0.0
0x19FDE203,1,TX,8,FFC Tx Vent Control 2,0x1FDE2,0x03,,56,63,8,1.0,0.0
0x19FDE203,1,TX,8,FFC Tx Vent Control 2,0x1FDE2,0x03,,18,23,6,1.0,0.0
0x19FEA603,1,TX,8,FFC Tx Vent Control,0x1FEA6,0x03,,0,7,8,1.0,0.0
0x19FEA603,1,TX,8,FFC Tx Vent Control,0x1FEA6,0x03,,8,9,2,1.0,0.0
0x19FEA603,1,TX,8,FFC Tx Vent Control,0x1FEA6,0x03,,10,11,2,1.0,0.0
0x19FEA603,1,TX,8,FFC Tx Vent Control,0x1FEA6,0x03,,12,13,2,1.0,0.0
0x19FEA603,1,TX,8,FFC Tx Vent Control,0x1FEA6,0x03,,14,15,2,1.0,0.0
0x19FEA603,1,TX,8,FFC Tx Vent Control,0x1FEA6,0x03,,16,23,8,1.0,0.0
0x19FEA603,1,TX,8,FFC Tx Vent Control,0x1FEA6,0x03,,24,25,2,1.0,0.0
0x19FEA603,1,TX,8,FFC Tx Vent Control,0x1FEA6,0x03,,26,29,4,1.0,0.0
0x19FEA603,1,TX,8,FFC Tx Vent Control,0x1FEA6,0x03,,30,31,2,1.0,0.0
0x19FEA603,1,TX,8,FFC Tx Vent Control,0x1FEA6,0x03,,32,39,8,1.0,0.0
0x19FEA603,1,TX,8,FFC Tx Vent Control,0x1FEA6,0x03,,40,47,8,1.0,0.0
0x19FEA603,1,TX,8,FFC Tx Vent Control,0x1FEA6,0x03,,48,55,8,1.0,0.0
0x19FEA603,1,TX,8,FFC Tx Vent Control,0x1FEA6,0x03,,56,63,8,1.0,0.0
0x19FEA758,1,RX,8,FFC Rx Vent Status 2,0x1FEA7,0x58,,30,31,2,1.0,0.0
0x19FEF903,1,TX,8,Tx Thermostat_Command,0x1FEF9,0x03,,0,7,8,1.0,0.0
0x19FEF903,1,TX,8,Tx Thermostat_Command,0x1FEF9,0x03,,8,11,4,1.0,0.0
0x19FEF903,1,TX,8,Tx Thermostat_Command,0x1FEF9,0x03,,12,13,2,1.0,0.0
0x19FEF903,1,TX,8,Tx Thermostat_Command,0x1FEF9,0x03,,14,15,2,1.0,0.0
0x19FEF903,1,TX,8,Tx Thermostat_Command,0x1FEF9,0x03,,16,23,8,1.0,0.0
0x19FEF903,1,TX,8,Tx Thermostat_Command,0x1FEF9,0x03,,24,39,16,0.03125,-273.0
0x19FEF903,1,TX,8,Tx Thermostat_Command,0x1FEF9,0x03,,40,55,16,0.03125,-273.0
0x19FF9500,1,TX,8,FFC_1FF95_CircuitCapacity,0x1FF95,0x00,,0,7,8,1.0,0.0
0x19FF9500,1,TX,8,FFC_1FF95_CircuitCapacity,0x1FF95,0x00,,24,31,8,1.0,0.0
0x19FF9C58,1,RX,8,Rx_Ambient_Status,0x1FF9C,0x58,,8,23,16,0.03125,-273.0
0x19FFB7AF,1,RX,8,Rx_FWTankStatus,0x1FFB7,0xAF,,8,15,8,1.0,0.0
0x19FFB7AF,1,RX,8,Rx_FWTankStatus,0x1FFB7,0xAF,,16,23,8,1.0,0.0
0x19FFB7AF,1,RX,8,Rx_FWTankStatus,0x1FFB7,0xAF,,24,39,16,1.0,0.0
0x19FFB7AF,1,RX,8,Rx_FWTankStatus,0x1FFB7,0xAF,,40,55,16,1.0,0.0
0x19FFB7AF,1,RX,8,Rx_GrayTankStatus,0x1FFB7,0xAF,,8,15,8,1.0,0.0
0x19FFB7AF,1,RX,8,Rx_GrayTankStatus,0x1FFB7,0xAF,,16,23,8,1.0,0.0
0x19FFB7AF,1,RX,8,Rx_GrayTankStatus,0x1FFB7,0xAF,,24,39,16,1.0,0.0
0x19FFB7AF,1,RX,8,Rx_GrayTankStatus,0x1FFB7,0xAF,,40,55,16,1.0,0.0
0x19FFCAE1,1,RX,8,FFC_Charger_AC_Status_2,0x1FFCA,0xE1,,56,63,8,1.0,0.0
0x19FFD300,1,TX,8,FFC_1FFD3_Invertor Command,0x1FFD3,0x00,,0,7,8,1.0,0.0
0x19FFD300,1,TX,8,FFC_1FFD3_Invertor Command,0x1FFD3,0x00,,8,15,8,1.0,0.0
0x19FFD4E1,1,RX,8,FFC_1FFD4_Inverter Status,0x1FFD4,0xE1,,8,15,8,1.0,0.0
0x19FFE258,1,RX,8,Rx AC Unit Status,0x1FFE2,0x58,,0,7,8,1.0,0.0
0x19FFE258,1,RX,8,Rx AC Unit Status,0x1FFE2,0x58,,8,10,3,1.0,0.0
0x19FFE258,1,RX,8,Rx AC Unit Status,0x1FFE2,0x58,,11,13,3,1.0,0.0
0x19FFE258,1,RX,8,Rx AC Unit Status,0x1FFE2,0x58,,14,15,2,1.0,0.0
0x19FFE258,1,RX,8,Rx AC Unit Status,0x1FFE2,0x58,,16,23,8,1.0,0.0
0x19FFE258,1,RX,8,Rx AC Unit Status,0x1FFE2,0x58,,24,39,16,0.03125,-273.0
0x19FFE258,1,RX,8,Rx AC Unit Status,0x1FFE2,0x58,,40,55,16,0.03125,-273.0
0x724,0,RX,8,Rixen HC_Status (0x724),,,,0,15,16,0.01,0.0
0x724,0,RX,8,Rixen HC_Status (0x724),,,,16,31,16,0.1,0.0
0x724,0,RX,8,Rixen HC_Status (0x724),,,,32,47,16,1.0,0.0
0x724,0,RX,8,Rixen HC_Status (0x724),,,,48,48,1,1.0,0.0
0x724,0,RX,8,Rixen HC_Status (0x724),,,,49,49,1,1.0,0.0
0x724,0,RX,8,Rixen HC_Status (0x724),,,,50,50,1,1.0,0.0
0x724,0,RX,8,Rixen HC_Status (0x724),,,,51,51,1,1.0,0.0
0x724,0,RX,8,Rixen HC_Status (0x724),,,,52,52,1,1.0,0.0
0x724,0,RX,8,Rixen HC_Status (0x724),,,,53,53,1,1.0,0.0
0x724,0,RX,8,Rixen HC_Status (0x724),,,,54,54,1,1.0,0.0
0x724,0,RX,8,Rixen HC_Status (0x724),,,,55,55,1,1.0,0.0
0x724,0,RX,8,Rixen HC_Status (0x724),,,,56,63,8,1.0,0.0
0x725,0,RX,8,Rixen HC_Diag (0x725),,,,24,31,8,0.1,0.0
0x725,0,RX,8,Rixen HC_Diag (0x725),,,,0,23,24,1.0,0.0
0x725,0,RX,8,Rixen HC_Diag (0x725),,,,32,47,16,1.0,0.0
0x725,0,RX,8,Rixen HC_Diag (0x725),,,,48,63,16,1.0,0.0
0x726,0,RX,8,Rixen HC_Diag2 (0x726),,,,0,15,16,0.01,0.0
0x726,0,RX,8,Rixen HC_Diag2 (0x726),,,,16,31,16,0.01,0.0
0x726,0,RX,8,Rixen HC_Diag2 (0x726),,,,32,47,16,0.01,0.0
0x726,0,RX,8,Rixen HC_Diag2 (0x726),,,,48,63,16,0.1,0.0
0x727,0,RX,8,Rixen HC_Fault (0x727),,,,0,31,32,1.0,0.0
0x727,0,RX,8,Rixen HC_Fault (0x727),,,,32,63,32,1.0,0.0
0x788,0,TX,8,Rixen Set TempTarget (0x788),,,,8,23,16,1.0,0.0
0x788,0,TX,8,Rixen Set FanSpeed (0x788),,,,8,15,8,1.0,0.0
0x788,0,TX,8,Rixen Set Furnace (0x788),,,,8,15,8,1.0,0.0
0x788,0,TX,8,Rixen Set Electric (0x788),,,,8,8,1,1.0,0.0
0x788,0,TX,8,Rixen Set Engine (0x788),,,,8,8,1,1.0,0.0
0x788,0,TX,8,Rixen Set Hot Water (0x788),,,,8,8,1,1.0,0.0
0x788,0,TX,8,Rixen Set Preheat (0x788),,,,8,8,1,1.0,0.0
0x788,0,TX,8,Rixen Send Eng Run (0x788),,,,8,8,1,1.0,0.0
0x788,0,TX,8,Rixen Send Amb Temp (0x788),,,,8,23,16,0.03125,-273.0
0x788,0,TX,8,Rixen Send Prime Fuel Time (0x788),,,,8,15,8,1.0,0.0
0x789,0,TX,8,Rixen HC_SetIO (0x789),,,,0,0,1,1.0,0.0
0x789,0,TX,8,Rixen HC_SetIO (0x789),,,,1,1,1,1.0,0.0
0x789,0,TX,8,Rixen HC_SetIO (0x789),,,,2,2,1,1.0,0.0
0x789,0,TX,8,Rixen HC_SetIO (0x789),,,,3,3,1,1.0,0.0
0x789,0,TX,8,Rixen HC_SetIO (0x789),,,,4,4,1,1.0,0.0
0x789,0,TX,8,Rixen HC_SetIO (0x789),,,,5,5,1,1.0,0.0
0x789,0,TX,8,Rixen HC_SetIO (0x789),,,,6,6,1,1.0,0.0
0x789,0,TX,8,Rixen HC_SetIO (0x789),,,,7,7,1,1.0,0.0
0x789,0,TX,8,Rixen HC_SetIO (0x789),,,,8,8,1,1.0,0.0
0x789,0,TX,8,Rixen HC_SetIO (0x789),,,,16,47,32,1.0,0.0
